Year,Predicted_Debt_Billion_EUR
2024,797.6182020461333
2025,797.6182020461333
2026,797.6182020461333
2027,797.6182020461333
2028,797.6182020461333
2029,797.6182020461333
2030,797.6182020461333
